,평균 수온(°C)
2016-01-01,14.4
2016-01-02,15.6
2016-01-03,15.3
2016-01-04,15.3
2016-01-05,15.1
2016-01-06,15.8
2016-01-07,15.4
2016-01-08,15.0
2016-01-09,15.3
2016-01-10,15.4
2016-01-11,15.4
2016-01-12,15.9
2016-01-13,15.7
2016-01-14,15.5
2016-01-15,15.4
2016-01-16,15.0
2016-01-17,14.8
2016-01-18,14.6
2016-01-19,14.1
2016-01-20,14.8
2016-01-21,14.7
2016-01-22,13.8
2016-01-23,13.5
2016-01-24,13.0
2016-01-25,12.7
2016-01-26,12.3
2016-01-27,12.3
2016-01-28,12.5
2016-01-29,11.7
2016-01-30,11.7
2016-01-31,11.5
2016-02-01,8.9
2016-02-02,8.9
2016-02-03,10.8
2016-02-04,10.6
2016-02-05,11.0
2016-02-06,10.9
2016-02-07,11.1
2016-02-08,10.3
2016-02-09,7.4
2016-02-10,8.1
2016-02-11,10.7
2016-02-12,11.0
2016-02-13,11.5
2016-02-14,11.4
2016-02-15,10.7
2016-02-16,10.6
2016-02-17,10.5
2016-02-18,10.6
2016-02-19,10.5
2016-02-20,10.9
2016-02-21,10.4
2016-02-22,10.9
2016-02-23,10.4
2016-02-24,10.7
2016-02-25,10.649999999999999
2016-02-26,10.6
2016-02-27,10.7
2016-02-28,10.7
2016-02-29,10.4
2016-03-01,10.2
2016-03-02,10.1
2016-03-03,10.3
2016-03-04,10.6
2016-03-05,11.5
2016-03-06,11.2
2016-03-07,11.2
2016-03-08,11.0
2016-03-09,10.6
2016-03-10,11.1
2016-03-11,11.9
2016-03-12,11.4
2016-03-13,11.4
2016-03-14,10.8
2016-03-15,10.7
2016-03-16,11.2
2016-03-17,11.4
2016-03-18,11.6
2016-03-19,11.6
2016-03-20,11.8
2016-03-21,11.6
2016-03-22,13.0
2016-03-23,12.9
2016-03-24,12.7
2016-03-25,12.7
2016-03-26,12.9
2016-03-27,12.7
2016-03-28,12.9
2016-03-29,13.3
2016-03-30,13.8
2016-03-31,13.6
2016-04-01,14.4
2016-04-02,13.3
2016-04-03,13.2
2016-04-04,12.9
2016-04-05,13.1
2016-04-06,13.3
2016-04-07,13.8
2016-04-08,14.9
2016-04-09,14.2
2016-04-10,14.0
2016-04-11,14.7
2016-04-12,14.6
2016-04-13,14.1
2016-04-14,13.7
2016-04-15,13.0
2016-04-16,12.7
2016-04-17,12.7
2016-04-18,13.0
2016-04-19,13.0
2016-04-20,13.2
2016-04-21,11.8
2016-04-22,11.6
2016-04-23,11.7
2016-04-24,11.8
2016-04-25,12.7
2016-04-26,13.1
2016-04-27,11.8
2016-04-28,11.6
2016-04-29,11.5
2016-04-30,12.1
2016-05-01,12.8
2016-05-02,13.1
2016-05-03,12.5
2016-05-04,12.4
2016-05-05,13.1
2016-05-06,12.9
2016-05-07,13.6
2016-05-08,14.4
2016-05-09,14.3
2016-05-10,14.0
2016-05-11,13.4
2016-05-12,13.5
2016-05-13,13.6
2016-05-14,14.3
2016-05-15,14.0
2016-05-16,13.7
2016-05-17,14.8
2016-05-18,15.2
2016-05-19,16.4
2016-05-20,17.9
2016-05-21,18.4
2016-05-22,18.0
2016-05-23,18.2
2016-05-24,17.8
2016-05-25,18.1
2016-05-26,19.0
2016-05-27,18.6
2016-05-28,19.3
2016-05-29,19.5
2016-05-30,19.7
2016-05-31,19.8
2016-06-01,20.0
2016-06-02,20.7
2016-06-03,20.1
2016-06-04,20.2
2016-06-05,19.4
2016-06-06,19.4
2016-06-07,20.5
2016-06-08,20.9
2016-06-09,20.8
2016-06-10,20.6
2016-06-11,20.3
2016-06-12,20.3
2016-06-13,19.9
2016-06-14,20.8
2016-06-15,20.6
2016-06-16,20.7
2016-06-17,21.0
2016-06-18,21.2
2016-06-19,18.7
2016-06-20,20.1
2016-06-21,20.3
2016-06-22,20.9
2016-06-23,20.9
2016-06-24,20.3
2016-06-25,20.6
2016-06-26,21.6
2016-06-27,22.4
2016-06-28,20.9
2016-06-29,20.9
2016-06-30,21.3
2016-07-01,21.1
2016-07-02,20.0
2016-07-03,19.7
2016-07-04,20.0
2016-07-05,20.2
2016-07-06,19.6
2016-07-07,19.9
2016-07-08,20.4
2016-07-09,21.3
2016-07-10,21.8
2016-07-11,22.5
2016-07-12,22.9
2016-07-13,22.8
2016-07-14,22.2
2016-07-15,21.5
2016-07-16,21.7
2016-07-17,22.6
2016-07-18,23.3
2016-07-19,23.9
2016-07-20,24.3
2016-07-21,24.5
2016-07-22,24.6
2016-07-23,24.4
2016-07-24,24.6
2016-07-25,24.9
2016-07-26,25.6
2016-07-27,26.1
2016-07-28,25.6
2016-07-29,26.1
2016-07-30,26.2
2016-07-31,25.5
2016-08-01,25.2
2016-08-02,25.2
2016-08-03,26.3
2016-08-04,27.8
2016-08-05,28.6
2016-08-06,28.3
2016-08-07,27.6
2016-08-08,28.2
2016-08-09,27.9
2016-08-10,28.3
2016-08-11,28.6
2016-08-12,28.5
2016-08-13,29.3
2016-08-14,30.0
2016-08-15,29.8
2016-08-16,28.9
2016-08-17,28.8
2016-08-18,28.8
2016-08-19,29.2
2016-08-20,29.6
2016-08-21,29.2
2016-08-22,28.9
2016-08-23,28.8
2016-08-24,28.6
2016-08-25,28.3
2016-08-26,26.9
2016-08-27,26.2
2016-08-28,25.6
2016-08-29,25.1
2016-08-30,24.2
2016-08-31,24.0
2016-09-01,23.3
2016-09-02,24.7
2016-09-03,24.4
2016-09-04,24.3
2016-09-05,24.4
2016-09-06,24.3
2016-09-07,24.5
2016-09-08,24.7
2016-09-09,24.7
2016-09-10,24.3
2016-09-11,23.2
2016-09-12,22.7
2016-09-13,23.8
2016-09-14,23.3
2016-09-15,22.9
2016-09-16,22.9
2016-09-17,22.5
2016-09-18,22.2
2016-09-19,21.7
2016-09-20,21.8
2016-09-21,23.6
2016-09-22,23.0
2016-09-23,23.0
2016-09-24,23.3
2016-09-25,23.3
2016-09-26,23.6
2016-09-27,23.6
2016-09-28,23.5
2016-09-29,23.5
2016-09-30,23.0
2016-10-01,23.4
2016-10-02,23.4
2016-10-03,23.3
2016-10-04,23.1
2016-10-05,23.1
2016-10-06,23.0
2016-10-07,23.5
2016-10-08,22.9
2016-10-09,23.0
2016-10-10,23.0
2016-10-11,23.0
2016-10-12,22.2
2016-10-13,21.8
2016-10-14,22.0
2016-10-15,21.6
2016-10-16,21.7
2016-10-17,21.4
2016-10-18,21.4
2016-10-19,21.4
2016-10-20,21.4
2016-10-21,22.1
2016-10-22,21.4
2016-10-23,21.3
2016-10-24,21.2
2016-10-25,21.2
2016-10-26,20.9
2016-10-27,20.9
2016-10-28,20.8
2016-10-29,20.5
2016-10-30,20.5
2016-10-31,20.5
2016-11-01,20.2
2016-11-02,19.7
2016-11-03,19.4
2016-11-04,19.3
2016-11-05,19.3
2016-11-06,18.9
2016-11-07,18.9
2016-11-08,18.9
2016-11-09,18.7
2016-11-10,18.7
2016-11-11,18.5
2016-11-12,18.6
2016-11-13,18.6
2016-11-14,18.8
2016-11-15,18.5
2016-11-16,18.2
2016-11-17,18.2
2016-11-18,18.7
2016-11-19,18.6
2016-11-20,18.6
2016-11-21,18.5
2016-11-22,18.0
2016-11-23,17.7
2016-11-24,17.3
2016-11-25,17.4
2016-11-26,18.1
2016-11-27,18.5
2016-11-28,18.5
2016-11-29,18.3
2016-11-30,18.6
2016-12-01,18.3
2016-12-02,18.2
2016-12-03,17.6
2016-12-04,17.9
2016-12-05,18.1
2016-12-06,18.2
2016-12-07,18.1
2016-12-08,18.1
2016-12-09,17.3
2016-12-10,16.8
2016-12-11,16.9
2016-12-12,17.2
2016-12-13,17.1
2016-12-14,16.6
2016-12-15,17.2
2016-12-16,17.2
2016-12-17,17.1
2016-12-18,17.0
2016-12-19,16.9
2016-12-20,16.8
2016-12-21,16.6
2016-12-22,16.4
2016-12-23,16.5
2016-12-24,16.5
2016-12-25,16.6
2016-12-26,16.1
2016-12-27,15.9
2016-12-28,15.8
2016-12-29,15.9
2016-12-30,15.7
2016-12-31,15.6
2017-01-01,15.7
2017-01-02,15.7
2017-01-03,15.6
2017-01-04,15.4
2017-01-05,15.0
2017-01-06,15.0
2017-01-07,14.9
2017-01-08,15.0
2017-01-09,14.8
2017-01-10,14.7
2017-01-11,14.8
2017-01-12,14.8
2017-01-13,14.3
2017-01-14,14.2
2017-01-15,13.8
2017-01-16,14.0
2017-01-17,14.0
2017-01-18,14.1
2017-01-19,14.2
2017-01-20,13.9
2017-01-21,14.0
2017-01-22,13.9
2017-01-23,13.6
2017-01-24,13.4
2017-01-25,13.7
2017-01-26,13.2
2017-01-27,13.2
2017-01-28,13.5
2017-01-29,13.5
2017-01-30,13.2
2017-01-31,13.4
2017-02-01,13.5
2017-02-02,13.9
2017-02-03,12.8
2017-02-04,12.9
2017-02-05,13.0
2017-02-06,12.6
2017-02-07,12.6
2017-02-08,12.6
2017-02-09,12.3
2017-02-10,12.0
2017-02-11,12.1
2017-02-12,11.7
2017-02-13,12.1
2017-02-14,11.8
2017-02-15,11.9
2017-02-16,12.4
2017-02-17,12.0
2017-02-18,11.9
2017-02-19,11.3
2017-02-20,11.8
2017-02-21,12.0
2017-02-22,11.8
2017-02-23,11.785714285714286
2017-02-24,11.771428571428572
2017-02-25,11.757142857142858
2017-02-26,11.742857142857142
2017-02-27,11.728571428571428
2017-02-28,11.714285714285714
2017-03-01,11.7
2017-03-02,11.9
2017-03-03,11.9
2017-03-04,11.7
2017-03-05,11.8
2017-03-06,12.6
2017-03-07,12.1
2017-03-08,12.3
2017-03-09,13.2
2017-03-10,12.9
2017-03-11,13.3
2017-03-12,12.2
2017-03-13,12.2
2017-03-14,12.1
2017-03-15,11.5
2017-03-16,12.8
2017-03-17,12.8
2017-03-18,12.5
2017-03-19,13.3
2017-03-20,13.4
2017-03-21,13.1
2017-03-22,12.0
2017-03-23,12.5
2017-03-24,12.0
2017-03-25,11.7
2017-03-26,12.2
2017-03-27,11.8
2017-03-28,11.8
2017-03-29,12.0
2017-03-30,12.2
2017-03-31,12.1
2017-04-01,11.8
2017-04-02,11.8
2017-04-03,11.8
2017-04-04,12.2
2017-04-05,13.3
2017-04-06,12.5
2017-04-07,14.0
2017-04-08,14.7
2017-04-09,14.7
2017-04-10,14.7
2017-04-11,14.5
2017-04-12,14.6
2017-04-13,14.1
2017-04-14,14.2
2017-04-15,14.5
2017-04-16,14.9
2017-04-17,14.5
2017-04-18,13.6
2017-04-19,13.5
2017-04-20,13.7
2017-04-21,15.5
2017-04-22,15.5
2017-04-23,15.3
2017-04-24,15.3
2017-04-25,15.1
2017-04-26,15.6
2017-04-27,15.7
2017-04-28,15.6
2017-04-29,15.8
2017-04-30,16.2
2017-05-01,16.5
2017-05-02,16.2
2017-05-03,16.1
2017-05-04,15.9
2017-05-05,16.1
2017-05-06,15.6
2017-05-07,15.5
2017-05-08,15.5
2017-05-09,15.3
2017-05-10,15.5
2017-05-11,16.2
2017-05-12,16.2
2017-05-13,16.3
2017-05-14,16.3
2017-05-15,16.6
2017-05-16,17.4
2017-05-17,17.0
2017-05-18,17.0
2017-05-19,17.2
2017-05-20,17.7
2017-05-21,17.7
2017-05-22,16.5
2017-05-23,16.8
2017-05-24,17.4
2017-05-25,16.2
2017-05-26,15.7
2017-05-27,16.1
2017-05-28,16.3
2017-05-29,16.7
2017-05-30,18.2
2017-05-31,17.9
2017-06-01,17.1
2017-06-02,16.8
2017-06-03,17.0
2017-06-04,17.8
2017-06-05,17.9
2017-06-06,18.0
2017-06-07,17.1
2017-06-08,17.2
2017-06-09,17.5
2017-06-10,17.7
2017-06-11,17.5
2017-06-12,17.9
2017-06-13,18.2
2017-06-14,18.7
2017-06-15,18.7
2017-06-16,19.0
2017-06-17,18.9
2017-06-18,18.7
2017-06-19,19.4
2017-06-20,20.5
2017-06-21,19.6
2017-06-22,19.5
2017-06-23,19.5
2017-06-24,20.8
2017-06-25,21.6
2017-06-26,22.2
2017-06-27,22.1
2017-06-28,21.5
2017-06-29,21.9
2017-06-30,21.8
2017-07-01,21.5
2017-07-02,20.5
2017-07-03,20.3
2017-07-04,20.4
2017-07-05,22.1
2017-07-06,21.5
2017-07-07,21.7
2017-07-08,19.5
2017-07-09,20.6
2017-07-10,19.3
2017-07-11,19.6
2017-07-12,20.4
2017-07-13,20.5
2017-07-14,20.4
2017-07-15,20.1
2017-07-16,20.0
2017-07-17,21.0
2017-07-18,22.2
2017-07-19,23.4
2017-07-20,22.6
2017-07-21,22.5
2017-07-22,23.3
2017-07-23,24.6
2017-07-24,25.6
2017-07-25,25.7
2017-07-26,25.8
2017-07-27,25.6
2017-07-28,25.7
2017-07-29,25.5
2017-07-30,26.0
2017-07-31,26.0
2017-08-01,25.9
2017-08-02,26.1
2017-08-03,26.3
2017-08-04,26.4
2017-08-05,27.6
2017-08-06,28.5
2017-08-07,28.5
2017-08-08,28.2
2017-08-09,28.4
2017-08-10,28.3
2017-08-11,27.8
2017-08-12,26.9
2017-08-13,26.6
2017-08-14,26.3
2017-08-15,26.2
2017-08-16,26.0
2017-08-17,25.4
2017-08-18,25.7
2017-08-19,25.8
2017-08-20,25.9
2017-08-21,26.5
2017-08-22,26.4
2017-08-23,26.1
2017-08-24,25.9
2017-08-25,26.3
2017-08-26,26.1
2017-08-27,26.5
2017-08-28,26.2
2017-08-29,25.0
2017-08-30,24.0
2017-08-31,24.4
2017-09-01,23.8
2017-09-02,24.2
2017-09-03,24.7
2017-09-04,24.6
2017-09-05,24.9
2017-09-06,25.1
2017-09-07,24.7
2017-09-08,24.8
2017-09-09,24.8
2017-09-10,24.7
2017-09-11,24.4
2017-09-12,24.2
2017-09-13,23.9
2017-09-14,24.2
2017-09-15,24.1
2017-09-16,24.2
2017-09-17,23.8
2017-09-18,23.8
2017-09-19,24.0
2017-09-20,23.7
2017-09-21,23.3
2017-09-22,23.4
2017-09-23,23.4
2017-09-24,24.3
2017-09-25,24.1
2017-09-26,24.0
2017-09-27,24.6
2017-09-28,24.1
2017-09-29,23.9
2017-09-30,23.4
2017-10-01,23.6
2017-10-02,23.4
2017-10-03,23.6
2017-10-04,23.5
2017-10-05,22.9
2017-10-06,22.6
2017-10-07,22.7
2017-10-08,22.8
2017-10-09,23.1
2017-10-10,24.1
2017-10-11,24.2
2017-10-12,24.2
2017-10-13,23.7
2017-10-14,23.5
2017-10-15,23.5
2017-10-16,23.4
2017-10-17,23.0
2017-10-18,22.1
2017-10-19,21.6
2017-10-20,21.7
2017-10-21,22.2
2017-10-22,22.3
2017-10-23,21.7
2017-10-24,21.5
2017-10-25,21.2
2017-10-26,21.5
2017-10-27,20.9
2017-10-28,20.7
2017-10-29,21.0
2017-10-30,20.8
2017-10-31,20.5
2017-11-01,20.3
2017-11-02,20.0
2017-11-03,19.9
2017-11-04,18.9
2017-11-05,18.9
2017-11-06,19.8
2017-11-07,19.3
2017-11-08,19.4
2017-11-09,19.4
2017-11-10,19.1
2017-11-11,18.8
2017-11-12,18.7
2017-11-13,18.6
2017-11-14,18.5
2017-11-15,18.2
2017-11-16,17.9
2017-11-17,17.7
2017-11-18,17.4
2017-11-19,16.8
2017-11-20,16.5
2017-11-21,16.4
2017-11-22,16.3
2017-11-23,15.8
2017-11-24,15.6
2017-11-25,16.6
2017-11-26,16.5
2017-11-27,16.1
2017-11-28,17.5
2017-11-29,17.6
2017-11-30,16.4
2017-12-01,15.9
2017-12-02,15.2
2017-12-03,15.0
2017-12-04,15.1
2017-12-05,15.0
2017-12-06,15.3
2017-12-07,15.2
2017-12-08,14.9
2017-12-09,14.6
2017-12-10,14.4
2017-12-11,14.4
2017-12-12,14.3
2017-12-13,14.2
2017-12-14,14.1
2017-12-15,13.9
2017-12-16,13.6
2017-12-17,13.6
2017-12-18,13.4
2017-12-19,13.3
2017-12-20,13.1
2017-12-21,13.1
2017-12-22,13.1
2017-12-23,13.2
2017-12-24,13.05
2017-12-25,12.9
2017-12-26,12.8
2017-12-27,12.5
2017-12-28,12.5
2017-12-29,12.6
2017-12-30,12.5
2017-12-31,12.5
2018-01-01,12.2
2018-01-02,12.1
2018-01-03,12.0
2018-01-04,12.1
2018-01-05,12.1
2018-01-06,12.0
2018-01-07,11.9
2018-01-08,11.9
2018-01-09,11.8
2018-01-10,11.7
2018-01-11,11.7
2018-01-12,11.2
2018-01-13,11.4
2018-01-14,11.3
2018-01-15,11.4
2018-01-16,11.3
2018-01-17,11.3
2018-01-18,11.2
2018-01-19,11.1
2018-01-20,11.2
2018-01-21,11.2
2018-01-22,11.2
2018-01-23,11.0
2018-01-24,10.8
2018-01-25,10.7
2018-01-26,10.6
2018-01-27,10.6
2018-01-28,10.5
2018-01-29,10.6
2018-01-30,10.4
2018-01-31,10.4
2018-02-01,10.2
2018-02-02,10.3
2018-02-03,10.2
2018-02-04,10.2
2018-02-05,10.1
2018-02-06,10.0
2018-02-07,9.9
2018-02-08,9.8
2018-02-09,9.7
2018-02-10,9.6
2018-02-11,9.4
2018-02-12,9.4
2018-02-13,9.4
2018-02-14,9.5
2018-02-15,9.4
2018-02-16,9.5
2018-02-17,9.5
2018-02-18,9.5
2018-02-19,9.4
2018-02-20,9.2
2018-02-21,9.2
2018-02-22,9.3
2018-02-23,9.5
2018-02-24,9.4
2018-02-25,9.3
2018-02-26,9.2
2018-02-27,9.3
2018-02-28,9.2
2018-03-01,9.2
2018-03-02,9.2
2018-03-03,9.3
2018-03-04,10.0
2018-03-05,9.2
2018-03-06,9.3
2018-03-07,9.1
2018-03-08,9.5
2018-03-09,9.4
2018-03-10,9.1
2018-03-11,9.4
2018-03-12,9.2
2018-03-13,9.2
2018-03-14,10.0
2018-03-15,10.7
2018-03-16,10.2
2018-03-17,9.9
2018-03-18,10.0
2018-03-19,9.9
2018-03-20,9.9
2018-03-21,10.9
2018-03-22,10.4
2018-03-23,11.2
2018-03-24,11.4
2018-03-25,11.9
2018-03-26,11.5
2018-03-27,12.2
2018-03-28,12.5
2018-03-29,12.4
2018-03-30,12.2
2018-03-31,11.9
2018-04-01,11.8
2018-04-02,12.6
2018-04-03,12.5
2018-04-04,11.5
2018-04-05,11.7
2018-04-06,11.8
2018-04-07,11.0
2018-04-08,11.8
2018-04-09,12.3
2018-04-10,12.0
2018-04-11,13.0
2018-04-12,13.2
2018-04-13,12.7
2018-04-14,12.6
2018-04-15,12.9
2018-04-16,13.0
2018-04-17,12.9
2018-04-18,12.6
2018-04-19,13.8
2018-04-20,14.3
2018-04-21,14.5
2018-04-22,13.9
2018-04-23,11.6
2018-04-24,11.3
2018-04-25,11.5
2018-04-26,12.8
2018-04-27,13.1
2018-04-28,13.5
2018-04-29,13.7
2018-04-30,14.9
2018-05-01,15.0
2018-05-02,14.0
2018-05-03,12.2
2018-05-04,13.6
2018-05-05,14.5
2018-05-06,14.2
2018-05-07,14.1
2018-05-08,14.0
2018-05-09,13.5
2018-05-10,13.0
2018-05-11,13.8
2018-05-12,14.0
2018-05-13,14.1
2018-05-14,14.9
2018-05-15,15.8
2018-05-16,16.1
2018-05-17,16.1
2018-05-18,15.0
2018-05-19,15.0
2018-05-20,15.4
2018-05-21,16.2
2018-05-22,16.1
2018-05-23,16.0
2018-05-24,16.2
2018-05-25,16.8
2018-05-26,16.7
2018-05-27,17.3
2018-05-28,17.9
2018-05-29,17.9
2018-05-30,17.6
2018-05-31,17.2
2018-06-01,17.5
2018-06-02,18.5
2018-06-03,19.6
2018-06-04,19.3
2018-06-05,18.4
2018-06-06,17.2
2018-06-07,17.4
2018-06-08,17.9
2018-06-09,17.7
2018-06-10,17.9
2018-06-11,18.4
2018-06-12,18.9
2018-06-13,19.6
2018-06-14,20.1
2018-06-15,19.9
2018-06-16,19.9
2018-06-17,19.8
2018-06-18,20.5
2018-06-19,20.7
2018-06-20,20.6
2018-06-21,20.9
2018-06-22,21.2
2018-06-23,21.1
2018-06-24,21.8
2018-06-25,22.5
2018-06-26,21.1
2018-06-27,19.9
2018-06-28,18.3
2018-06-29,16.9
2018-06-30,17.1
2018-07-01,16.9
2018-07-02,17.4
2018-07-03,17.8
2018-07-04,17.6
2018-07-05,20.9
2018-07-06,21.5
2018-07-07,21.0
2018-07-08,20.8
2018-07-09,20.7
2018-07-10,20.9
2018-07-11,21.0
2018-07-12,21.4
2018-07-13,22.5
2018-07-14,23.2
2018-07-15,24.0
2018-07-16,24.3
2018-07-17,24.6
2018-07-18,25.0
2018-07-19,25.9
2018-07-20,25.9
2018-07-21,23.7
2018-07-22,23.6
2018-07-23,23.9
2018-07-24,26.1
2018-07-25,26.7
2018-07-26,27.1
2018-07-27,27.3
2018-07-28,27.5
2018-07-29,26.9
2018-07-30,26.1
2018-07-31,27.3
2018-08-01,27.2
2018-08-02,27.9
2018-08-03,28.3
2018-08-04,29.1
2018-08-05,28.8
2018-08-06,28.4
2018-08-07,28.0
2018-08-08,28.0
2018-08-09,28.0
2018-08-10,28.0
2018-08-11,27.8
2018-08-12,28.0
2018-08-13,28.9
2018-08-14,29.1
2018-08-15,29.5
2018-08-16,28.8
2018-08-17,28.2
2018-08-18,27.9
2018-08-19,27.6
2018-08-20,27.6
2018-08-21,26.9
2018-08-22,27.4
2018-08-23,27.8
2018-08-24,26.6
2018-08-25,26.4
2018-08-26,25.8
2018-08-27,25.9
2018-08-28,25.9
2018-08-29,25.9
2018-08-30,25.9
2018-08-31,25.8
2018-09-01,25.9
2018-09-02,26.0
2018-09-03,25.7
2018-09-04,25.4
2018-09-05,25.1
2018-09-06,24.8
2018-09-07,24.8
2018-09-08,24.4
2018-09-09,24.8
2018-09-10,24.1
2018-09-11,24.1
2018-09-12,24.7
2018-09-13,24.7
2018-09-14,24.5
2018-09-15,24.4
2018-09-16,24.4
2018-09-17,24.3
2018-09-18,24.4
2018-09-19,24.8
2018-09-20,24.5
2018-09-21,24.4
2018-09-22,24.5
2018-09-23,23.8
2018-09-24,23.8
2018-09-25,23.8
2018-09-26,23.5
2018-09-27,23.3
2018-09-28,22.9
2018-09-29,22.8
2018-09-30,22.9
2018-10-01,22.6
2018-10-02,22.5
2018-10-03,22.6
2018-10-04,21.9
2018-10-05,21.5
2018-10-06,21.6
2018-10-07,21.8
2018-10-08,21.3
2018-10-09,21.3
2018-10-10,21.4
2018-10-11,20.9
2018-10-12,20.5
2018-10-13,20.3
2018-10-14,20.4
2018-10-15,20.4
2018-10-16,20.6
2018-10-17,20.1
2018-10-18,19.6
2018-10-19,19.4
2018-10-20,19.6
2018-10-21,19.4
2018-10-22,19.4
2018-10-23,19.7
2018-10-24,20.1
2018-10-25,19.4
2018-10-26,18.4
2018-10-27,18.5
2018-10-28,19.0
2018-10-29,19.0
2018-10-30,17.8
2018-10-31,17.7
2018-11-01,17.4
2018-11-02,17.5
2018-11-03,17.9
2018-11-04,18.0
2018-11-05,17.5
2018-11-06,17.3
2018-11-07,17.1
2018-11-08,17.1
2018-11-09,16.3
2018-11-10,16.0
2018-11-11,16.2
2018-11-12,16.0
2018-11-13,15.6
2018-11-14,15.4
2018-11-15,15.4
2018-11-16,15.2
2018-11-17,15.3
2018-11-18,15.3
2018-11-19,15.1
2018-11-20,15.2
2018-11-21,15.0
2018-11-22,14.7
2018-11-23,14.4
2018-11-24,14.3
2018-11-25,14.2
2018-11-26,14.2
2018-11-27,14.4
2018-11-28,15.0
2018-11-29,15.0
2018-11-30,14.5
2018-12-01,14.1
2018-12-02,14.3
2018-12-03,14.6
2018-12-04,15.5
2018-12-05,15.4
2018-12-06,14.9
2018-12-07,14.0
2018-12-08,13.6
2018-12-09,13.3
2018-12-10,14.1
2018-12-11,14.2
2018-12-12,14.3
2018-12-13,15.7
2018-12-14,16.3
2018-12-15,14.7
2018-12-16,13.8
2018-12-17,13.7
2018-12-18,14.8
2018-12-19,15.1
2018-12-20,16.1
2018-12-21,15.9
2018-12-22,15.6
2018-12-23,15.7
2018-12-24,16.0
2018-12-25,15.7
2018-12-26,15.4
2018-12-27,15.9
2018-12-28,15.9
2018-12-29,14.4
2018-12-30,13.4
2018-12-31,14.2
2019-01-01,14.4
2019-01-02,14.8
2019-01-03,15.1
2019-01-04,15.2
2019-01-05,15.2
2019-01-06,15.2
2019-01-07,15.0
2019-01-08,14.6
2019-01-09,14.1
2019-01-10,14.2
2019-01-11,14.6
2019-01-12,14.6
2019-01-13,14.4
2019-01-14,14.4
2019-01-15,14.3
2019-01-16,14.6
2019-01-17,14.6
2019-01-18,14.7
2019-01-19,14.6
2019-01-20,14.4
2019-01-21,14.1
2019-01-22,14.2
2019-01-23,13.9
2019-01-24,14.2
2019-01-25,14.8
2019-01-26,14.2
2019-01-27,14.2
2019-01-28,13.4
2019-01-29,13.3
2019-01-30,13.2
2019-01-31,13.4
2019-02-01,13.5
2019-02-02,13.0
2019-02-03,12.4
2019-02-04,12.8
2019-02-05,12.7
2019-02-06,13.3
2019-02-07,13.1
2019-02-08,13.0
2019-02-09,12.7
2019-02-10,12.9
2019-02-11,12.9
2019-02-12,12.3
2019-02-13,11.8
2019-02-14,12.9
2019-02-15,12.9
2019-02-16,13.0
2019-02-17,12.1
2019-02-18,12.1
2019-02-19,13.3
2019-02-20,12.9
2019-02-21,12.1
2019-02-22,12.2
2019-02-23,12.3
2019-02-24,12.1
2019-02-25,12.2
2019-02-26,13.2
2019-02-27,13.6
2019-02-28,11.9
2019-03-01,12.2
2019-03-02,12.2
2019-03-03,13.2
2019-03-04,14.2
2019-03-05,14.8
2019-03-06,12.7
2019-03-07,11.9
2019-03-08,13.8
2019-03-09,13.3
2019-03-10,12.3
2019-03-11,12.3
2019-03-12,12.1
2019-03-13,11.8
2019-03-14,11.9
2019-03-15,11.9
2019-03-16,11.9
2019-03-17,11.8
2019-03-18,11.8
2019-03-19,12.4
2019-03-20,12.3
2019-03-21,13.0
2019-03-22,14.2
2019-03-23,14.1
2019-03-24,13.2
2019-03-25,12.3
2019-03-26,12.1
2019-03-27,13.3
2019-03-28,14.0
2019-03-29,14.1
2019-03-30,14.1
2019-03-31,12.5
2019-04-01,12.3
2019-04-02,13.6
2019-04-03,13.3
2019-04-04,12.6
2019-04-05,12.8
2019-04-06,13.1
2019-04-07,13.2
2019-04-08,14.0
2019-04-09,14.6
2019-04-10,13.8
2019-04-11,13.8
2019-04-12,13.7
2019-04-13,13.0
2019-04-14,13.5
2019-04-15,13.4
2019-04-16,13.1
2019-04-17,13.3
2019-04-18,13.3
2019-04-19,13.9
2019-04-20,13.9
2019-04-21,14.9
2019-04-22,15.2
2019-04-23,15.1
2019-04-24,15.7
2019-04-25,15.5
2019-04-26,15.3
2019-04-27,15.3
2019-04-28,14.2
2019-04-29,14.3
2019-04-30,14.7
2019-05-01,15.2
2019-05-02,15.7
2019-05-03,15.8
2019-05-04,15.9
2019-05-05,16.7
2019-05-06,16.1
2019-05-07,16.7
2019-05-08,16.7
2019-05-09,16.7
2019-05-10,16.6
2019-05-11,17.1
2019-05-12,16.5
2019-05-13,16.4
2019-05-14,17.3
2019-05-15,17.8
2019-05-16,17.1
2019-05-17,17.7
2019-05-18,18.0
2019-05-19,18.3
2019-05-20,18.0
2019-05-21,17.3
2019-05-22,17.4
2019-05-23,18.5
2019-05-24,18.8
2019-05-25,19.4
2019-05-26,19.7
2019-05-27,18.1
2019-05-28,17.1
2019-05-29,17.3
2019-05-30,17.9
2019-05-31,17.5
2019-06-01,18.2
2019-06-02,18.4
2019-06-03,18.9
2019-06-04,19.4
2019-06-05,19.1
2019-06-06,18.9
2019-06-07,18.5
2019-06-08,18.6
2019-06-09,18.5
2019-06-10,18.3
2019-06-11,18.0
2019-06-12,18.4
2019-06-13,18.6
2019-06-14,18.9
2019-06-15,19.1
2019-06-16,18.5
2019-06-17,19.4
2019-06-18,21.0
2019-06-19,21.6
2019-06-20,21.3
2019-06-21,20.8
2019-06-22,20.4
2019-06-23,20.6
2019-06-24,20.5
2019-06-25,20.7
2019-06-26,21.2
2019-06-27,21.5
2019-06-28,21.4
2019-06-29,21.5
2019-06-30,21.7
2019-07-01,22.0
2019-07-02,22.4
2019-07-03,22.8
2019-07-04,23.0
2019-07-05,22.8
2019-07-06,22.9
2019-07-07,22.9
2019-07-08,22.9
2019-07-09,22.7
2019-07-10,22.2
2019-07-11,21.7
2019-07-12,21.1
2019-07-13,22.0
2019-07-14,22.3
2019-07-15,23.2
2019-07-16,23.0
2019-07-17,23.1
2019-07-18,23.1
2019-07-19,23.5
2019-07-20,23.3
2019-07-21,22.0
2019-07-22,22.2
2019-07-23,24.0
2019-07-24,24.3
2019-07-25,23.4
2019-07-26,22.2
2019-07-27,23.9
2019-07-28,22.3
2019-07-29,22.0
2019-07-30,22.3
2019-07-31,22.1
2019-08-01,21.4
2019-08-02,23.4
2019-08-03,24.2
2019-08-04,25.7
2019-08-05,27.7
2019-08-06,27.8
2019-08-07,25.1
2019-08-08,25.4
2019-08-09,26.0
2019-08-10,26.5
2019-08-11,26.2
2019-08-12,26.5
2019-08-13,27.2
2019-08-14,27.5
2019-08-15,26.9
2019-08-16,27.0
2019-08-17,26.5
2019-08-18,26.9
2019-08-19,26.7
2019-08-20,26.8
2019-08-21,26.6
2019-08-22,26.8
2019-08-23,26.5
2019-08-24,25.3
2019-08-25,25.9
2019-08-26,25.9
2019-08-27,26.1
2019-08-28,26.1
2019-08-29,25.8
2019-08-30,25.6
2019-08-31,25.5
2019-09-01,25.3
2019-09-02,25.1
2019-09-03,25.1
2019-09-04,24.5
2019-09-05,24.7
2019-09-06,25.3
2019-09-07,24.1
2019-09-08,22.2
2019-09-09,23.5
2019-09-10,24.2
2019-09-11,24.4
2019-09-12,23.8
2019-09-13,24.6
2019-09-14,25.1
2019-09-15,25.0
2019-09-16,25.5
2019-09-17,25.7
2019-09-18,25.5
2019-09-19,24.8
2019-09-20,24.2
2019-09-21,24.2
2019-09-22,23.6
2019-09-23,23.3
2019-09-24,23.2
2019-09-25,22.9
2019-09-26,23.0
2019-09-27,23.5
2019-09-28,23.8
2019-09-29,24.1
2019-09-30,23.8
2019-10-01,23.5
2019-10-02,23.2
2019-10-03,22.5
2019-10-04,22.6
2019-10-05,22.9
2019-10-06,22.5
2019-10-07,22.5
2019-10-08,22.4
2019-10-09,22.1
2019-10-10,22.2
2019-10-11,22.5
2019-10-12,22.1
2019-10-13,22.2
2019-10-14,22.3
2019-10-15,22.3
2019-10-16,23.0
2019-10-17,22.8
2019-10-18,22.7
2019-10-19,22.4
2019-10-20,22.6
2019-10-21,22.433333333333334
2019-10-22,22.26666666666667
2019-10-23,22.1
2019-10-24,21.4
2019-10-25,21.0
2019-10-26,21.5
2019-10-27,21.5
2019-10-28,20.9
2019-10-29,20.8
2019-10-30,20.8
2019-10-31,21.2
2019-11-01,22.0
2019-11-02,22.3
2019-11-03,21.7
2019-11-04,21.2
2019-11-05,20.2
2019-11-06,19.9
2019-11-07,19.6
2019-11-08,19.9
2019-11-09,19.8
2019-11-10,21.3
2019-11-11,20.9
2019-11-12,19.6
2019-11-13,19.8
2019-11-14,20.6
2019-11-15,20.7
2019-11-16,20.6
2019-11-17,20.5
2019-11-18,20.2
2019-11-19,19.9
2019-11-20,19.4
2019-11-21,19.1
2019-11-22,18.9
2019-11-23,18.7
2019-11-24,19.2
2019-11-25,18.8
2019-11-26,19.1
2019-11-27,19.4
2019-11-28,19.2
2019-11-29,19.1
2019-11-30,18.6
2019-12-01,18.9
2019-12-02,18.7
2019-12-03,19.0
2019-12-04,18.5
2019-12-05,18.3
2019-12-06,18.4
2019-12-07,18.1
2019-12-08,17.8
2019-12-09,17.8
2019-12-10,18.0
2019-12-11,18.1
2019-12-12,17.8
2019-12-13,18.0
2019-12-14,18.0
2019-12-15,17.4
2019-12-16,18.0
2019-12-17,17.2
2019-12-18,16.7
2019-12-19,16.4
2019-12-20,17.2
2019-12-21,17.2
2019-12-22,17.5
2019-12-23,16.7
2019-12-24,16.5
2019-12-25,16.3
2019-12-26,16.7
2019-12-27,16.5
2019-12-28,15.9
2019-12-29,15.7
2019-12-30,15.7
2019-12-31,15.5
2020-01-01,14.7
2020-01-02,15.6
2020-01-03,15.8
2020-01-04,16.1
2020-01-05,15.4
2020-01-06,15.1
2020-01-07,15.5
2020-01-08,15.3
2020-01-09,14.8
2020-01-10,14.5
2020-01-11,15.0
2020-01-12,15.2
2020-01-13,15.0
2020-01-14,14.7
2020-01-15,14.5
2020-01-16,14.1
2020-01-17,14.2
2020-01-18,14.0
2020-01-19,13.7
2020-01-20,13.6
2020-01-21,13.5
2020-01-22,13.3
2020-01-23,14.2
2020-01-24,13.1
2020-01-25,13.1
2020-01-26,13.0
2020-01-27,12.9
2020-01-28,12.6
2020-01-29,12.6
2020-01-30,12.8
2020-01-31,12.9
2020-02-01,13.1
2020-02-02,13.3
2020-02-03,12.7
2020-02-04,12.7
2020-02-05,12.6
2020-02-06,13.0
2020-02-07,12.8
2020-02-08,12.5
2020-02-09,13.4
2020-02-10,13.9
2020-02-11,14.5
2020-02-12,14.0
2020-02-13,14.7
2020-02-14,14.5
2020-02-15,14.1
2020-02-16,13.8
2020-02-17,13.4
2020-02-18,12.9
2020-02-19,12.6
2020-02-20,12.6
2020-02-21,12.5
2020-02-22,12.3
2020-02-23,12.5
2020-02-24,12.4
2020-02-25,12.2
2020-02-26,11.8
2020-02-27,11.6
2020-02-28,11.8
2020-02-29,12.1
2020-03-01,11.9
2020-03-02,11.8
2020-03-03,11.6
2020-03-04,11.6
2020-03-05,11.6
2020-03-06,11.8
2020-03-07,11.8
2020-03-08,11.8
2020-03-09,11.8
2020-03-10,11.7
2020-03-11,11.5
2020-03-12,11.4
2020-03-13,11.4
2020-03-14,11.4
2020-03-15,11.3
2020-03-16,11.5
2020-03-17,11.5
2020-03-18,11.5
2020-03-19,11.4
2020-03-20,11.7
2020-03-21,12.4
2020-03-22,12.5
2020-03-23,12.0
2020-03-24,12.1
2020-03-25,12.3
2020-03-26,13.3
2020-03-27,13.0
2020-03-28,12.0
2020-03-29,11.6
2020-03-30,12.8
2020-03-31,11.7
2020-04-01,11.9
2020-04-02,13.6
2020-04-03,15.1
2020-04-04,14.7
2020-04-05,14.2
2020-04-06,13.1
2020-04-07,13.3
2020-04-08,11.8
2020-04-09,11.7
2020-04-10,12.2
2020-04-11,13.7
2020-04-12,13.2
2020-04-13,14.0
2020-04-14,15.0
2020-04-15,13.0
2020-04-16,12.0
2020-04-17,12.1
2020-04-18,14.4
2020-04-19,13.4
2020-04-20,12.9
2020-04-21,15.0
2020-04-22,14.8
2020-04-23,15.0
2020-04-24,14.7
2020-04-25,14.4
2020-04-26,13.1
2020-04-27,12.5
2020-04-28,12.8
2020-04-29,13.1
2020-04-30,15.1
2020-05-01,15.1
2020-05-02,15.9
2020-05-03,14.8
2020-05-04,14.1
2020-05-05,14.4
2020-05-06,14.9
2020-05-07,15.4
2020-05-08,15.7
2020-05-09,16.0
2020-05-10,16.4
2020-05-11,17.0
2020-05-12,16.2
2020-05-13,15.9
2020-05-14,16.1
2020-05-15,16.3
2020-05-16,16.3
2020-05-17,15.8
2020-05-18,15.6
2020-05-19,15.4
2020-05-20,14.0
2020-05-21,14.2
2020-05-22,14.8
2020-05-23,15.7
2020-05-24,16.0
2020-05-25,17.0
2020-05-26,17.9
2020-05-27,17.3
2020-05-28,17.4
2020-05-29,17.9
2020-05-30,17.9
2020-05-31,18.3
2020-06-01,18.9
2020-06-02,18.5
2020-06-03,18.7
2020-06-04,19.0
2020-06-05,18.6
2020-06-06,19.1
2020-06-07,19.1
2020-06-08,19.3
2020-06-09,19.6
2020-06-10,19.5
2020-06-11,20.0
2020-06-12,20.1
2020-06-13,20.3
2020-06-14,20.4
2020-06-15,20.9
2020-06-16,21.6
2020-06-17,21.0
2020-06-18,20.6
2020-06-19,20.5
2020-06-20,20.8
2020-06-21,20.5
2020-06-22,20.7
2020-06-23,21.1
2020-06-24,21.4
2020-06-25,21.3
2020-06-26,22.0
2020-06-27,22.3
2020-06-28,22.7
2020-06-29,22.7
2020-06-30,21.5
2020-07-01,18.8
2020-07-02,19.8
2020-07-03,20.0
2020-07-04,20.3
2020-07-05,20.1
2020-07-06,20.0
2020-07-07,21.3
2020-07-08,21.5
2020-07-09,22.4
2020-07-10,21.7
2020-07-11,20.7
2020-07-12,21.2
2020-07-13,20.9
2020-07-14,20.5
2020-07-15,20.4
2020-07-16,21.2
2020-07-17,21.5
2020-07-18,21.9
2020-07-19,21.5
2020-07-20,21.1
2020-07-21,22.4
2020-07-22,22.4
2020-07-23,22.4
2020-07-24,21.6
2020-07-25,21.6
2020-07-26,22.2
2020-07-27,22.2
2020-07-28,22.4
2020-07-29,22.4
2020-07-30,22.6
2020-07-31,23.3
2020-08-01,24.2
2020-08-02,23.2
2020-08-03,22.6
2020-08-04,22.5
2020-08-05,22.6
2020-08-06,20.9
2020-08-07,20.5
2020-08-08,21.0
2020-08-09,21.0
2020-08-10,21.0
2020-08-11,20.9
2020-08-12,21.7
2020-08-13,22.3
2020-08-14,22.1
2020-08-15,22.4
2020-08-16,24.0
2020-08-17,25.0
2020-08-18,25.9
2020-08-19,25.5
2020-08-20,26.0
2020-08-21,25.3
2020-08-22,24.5
2020-08-23,25.0
2020-08-24,24.6
2020-08-25,25.0
2020-08-26,24.9
2020-08-27,23.9
2020-08-28,23.6
2020-08-29,25.1
2020-08-30,25.0
2020-08-31,25.7
2020-09-01,26.8
2020-09-02,26.4
2020-09-03,22.7
2020-09-04,21.5
2020-09-05,21.8
2020-09-06,21.6
2020-09-07,21.2
2020-09-08,19.8
2020-09-09,20.6
2020-09-10,21.6
2020-09-11,21.2
2020-09-12,20.2
2020-09-13,20.9
2020-09-14,20.9
2020-09-15,21.7
2020-09-16,21.8
2020-09-17,22.3
2020-09-18,22.2
2020-09-19,21.5
2020-09-20,21.6
2020-09-21,22.0
2020-09-22,21.5
2020-09-23,21.9
2020-09-24,21.6
2020-09-25,22.1
2020-09-26,22.3
2020-09-27,21.9
2020-09-28,22.2
2020-09-29,22.0
2020-09-30,21.9
2020-10-01,21.7
2020-10-02,21.4
2020-10-03,20.8
2020-10-04,20.0
2020-10-05,19.4
2020-10-06,19.1
2020-10-07,19.1
2020-10-08,20.4
2020-10-09,20.1
2020-10-10,18.9
2020-10-11,18.8
2020-10-12,19.1
2020-10-13,19.9
2020-10-14,20.3
2020-10-15,20.6
2020-10-16,21.5
2020-10-17,21.1
2020-10-18,21.1
2020-10-19,21.1
2020-10-20,21.233333333333334
2020-10-21,21.366666666666667
2020-10-22,21.5
2020-10-23,21.25
2020-10-24,21.0
2020-10-25,20.9
2020-10-26,20.4
2020-10-27,20.2
2020-10-28,20.0
2020-10-29,19.8
2020-10-30,19.6
2020-10-31,19.5
2020-11-01,19.400000000000002
2020-11-02,19.3
2020-11-03,19.133333333333333
2020-11-04,18.96666666666667
2020-11-05,18.8
2020-11-06,18.85
2020-11-07,18.9
2020-11-08,18.8
2020-11-09,18.6
2020-11-10,18.4
2020-11-11,18.8
2020-11-12,18.6
2020-11-13,18.6
2020-11-14,18.8
2020-11-15,19.1
2020-11-16,18.9
2020-11-17,18.5
2020-11-18,18.3
2020-11-19,18.0
2020-11-20,18.1
2020-11-21,17.9
2020-11-22,17.7
2020-11-23,17.6
2020-11-24,17.5
2020-11-25,17.4
2020-11-26,17.4
2020-11-27,17.5
2020-11-28,17.0
2020-11-29,17.3
2020-11-30,18.4
2020-12-01,19.0
2020-12-02,18.7
2020-12-03,18.9
2020-12-04,18.6
2020-12-05,18.0
2020-12-06,18.3
2020-12-07,18.2
2020-12-08,18.4
2020-12-09,18.4
2020-12-10,18.5
2020-12-11,18.4
2020-12-12,18.3
2020-12-13,18.0
2020-12-14,17.7
2020-12-15,17.7
2020-12-16,17.2
2020-12-17,17.0
2020-12-18,17.2
2020-12-19,16.7
2020-12-20,16.0
2020-12-21,15.5
2020-12-22,16.1
2020-12-23,15.2
2020-12-24,16.3
2020-12-25,16.0
2020-12-26,16.1
2020-12-27,15.2
2020-12-28,15.0
2020-12-29,15.8
2020-12-30,15.5
2020-12-31,14.2
2021-01-01,14.0
2021-01-02,13.8
2021-01-03,13.9
2021-01-04,14.4
2021-01-05,14.1
2021-01-06,14.9
2021-01-07,15.1
2021-01-08,14.3
2021-01-09,13.2
2021-01-10,13.3
2021-01-11,13.4
2021-01-12,12.8
2021-01-13,13.5
2021-01-14,13.7
2021-01-15,13.5
2021-01-16,13.2
2021-01-17,12.7
2021-01-18,12.7
2021-01-19,12.1
2021-01-20,11.9
2021-01-21,12.0
2021-01-22,12.4
2021-01-23,12.0
2021-01-24,11.9
2021-01-25,12.6
2021-01-26,13.7
2021-01-27,13.0
2021-01-28,12.7
2021-01-29,12.7
2021-01-30,13.6
2021-01-31,13.8
2021-02-01,13.4
2021-02-02,13.3
2021-02-03,13.4
2021-02-04,13.0
2021-02-05,12.8
2021-02-06,12.4
2021-02-07,11.5
2021-02-08,11.3
2021-02-09,11.3
2021-02-10,11.4
2021-02-11,12.0
2021-02-12,12.5
2021-02-13,12.8
2021-02-14,13.8
2021-02-15,12.1
2021-02-16,11.8
2021-02-17,11.9
2021-02-18,13.0
2021-02-19,12.7
2021-02-20,12.8
2021-02-21,12.8
2021-02-22,12.9
2021-02-23,12.0
2021-02-24,13.0
2021-02-25,12.7
2021-02-26,11.1
2021-02-27,11.1
2021-02-28,11.1
2021-03-01,10.9
2021-03-02,10.8
2021-03-03,11.1
2021-03-04,11.2
2021-03-05,12.7
2021-03-06,11.3
2021-03-07,10.8
2021-03-08,10.8
2021-03-09,10.8
2021-03-10,11.2
2021-03-11,10.9
2021-03-12,11.0
2021-03-13,11.0
2021-03-14,11.5
2021-03-15,11.6
2021-03-16,11.3
2021-03-17,11.0
2021-03-18,13.0
2021-03-19,13.8
2021-03-20,13.9
2021-03-21,13.7
2021-03-22,13.5
2021-03-23,14.2
2021-03-24,14.5
2021-03-25,14.7
2021-03-26,15.1
2021-03-27,15.2
2021-03-28,15.4
2021-03-29,15.5
2021-03-30,15.3
2021-03-31,15.3
2021-04-01,15.3
2021-04-02,15.3
2021-04-03,14.4
2021-04-04,13.6
2021-04-05,13.5
2021-04-06,14.6
2021-04-07,14.9
2021-04-08,15.2
2021-04-09,14.6
2021-04-10,14.7
2021-04-11,14.8
2021-04-12,14.9
2021-04-13,15.0
2021-04-14,14.5
2021-04-15,14.6
2021-04-16,14.4
2021-04-17,14.5
2021-04-18,14.3
2021-04-19,15.0
2021-04-20,15.5
2021-04-21,16.5
2021-04-22,16.6
2021-04-23,16.1
2021-04-24,16.6
2021-04-25,16.3
2021-04-26,16.1
2021-04-27,15.8
2021-04-28,15.7
2021-04-29,15.8
2021-04-30,15.2
2021-05-01,15.1
2021-05-02,15.0
2021-05-03,15.5
2021-05-04,16.2
2021-05-05,16.1
2021-05-06,16.1
2021-05-07,15.8
2021-05-08,16.0
2021-05-09,16.9
2021-05-10,16.6
2021-05-11,16.9
2021-05-12,16.7
2021-05-13,17.4
2021-05-14,17.0
2021-05-15,16.7
2021-05-16,16.6
2021-05-17,15.7
2021-05-18,16.3
2021-05-19,17.4
2021-05-20,17.2
2021-05-21,16.8
2021-05-22,17.1
2021-05-23,18.0
2021-05-24,18.3
2021-05-25,17.7
2021-05-26,17.3
2021-05-27,17.4
2021-05-28,17.1
2021-05-29,17.6
2021-05-30,17.9
2021-05-31,18.2
